decision_date,apply_month,momentum,realized_vol,current_drawdown,regime,target_vol,target_leverage,signal,allocation
1995-01-31,1995-02-28,,,0.000000,normal,0.140000,1.500000,False,bond2x_pos
1995-02-28,1995-03-31,,,0.000000,normal,0.140000,1.500000,False,bond2x_pos
1995-03-31,1995-04-28,,0.025000,0.000000,normal,0.140000,5.000000,False,bond2x_pos
1995-04-28,1995-05-31,,0.025000,0.000000,normal,0.140000,5.000000,False,bond2x_pos
1995-05-31,1995-06-30,,0.025000,0.000000,normal,0.140000,5.000000,False,bond2x_pos
1995-06-30,1995-07-31,,0.039067,0.000000,normal,0.140000,3.583592,False,bond2x_pos
1995-07-31,1995-08-31,,0.025000,0.000000,normal,0.140000,5.000000,False,bond2x_pos
1995-08-31,1995-09-29,,0.037981,0.000000,normal,0.140000,3.686018,False,bond2x_pos
1995-09-29,1995-10-31,,0.025000,0.000000,normal,0.140000,5.000000,False,bond2x_pos
1995-10-31,1995-11-30,,0.025000,0.000000,normal,0.140000,5.000000,False,bond2x_pos
1995-11-30,1995-12-29,,0.025000,0.000000,normal,0.140000,5.000000,False,bond2x_pos
1995-12-29,1996-01-31,,0.025000,0.000000,normal,0.140000,5.000000,False,cash
1996-01-31,1996-02-29,,0.025000,0.000000,normal,0.140000,5.000000,False,cash
1996-02-29,1996-03-29,0.456634,0.025000,0.000000,attack,0.200000,5.000000,True,ixic
1996-03-29,1996-04-30,0.387626,0.025994,-0.001364,attack,0.200000,5.000000,True,ixic
1996-04-30,1996-05-31,0.456810,0.056348,0.000000,attack,0.200000,3.549377,True,ixic
1996-05-31,1996-06-28,0.473293,0.025790,0.000000,attack,0.200000,5.000000,True,ixic
1996-06-28,1996-07-31,0.370631,0.064642,-0.242375,defense,0.080000,1.500000,True,ixic
1996-07-31,1996-08-30,0.157630,0.029098,-0.344228,defense,0.080000,2.749369,True,ixic
1996-08-30,1996-09-30,0.140120,0.102172,-0.245304,defense,0.080000,1.500000,True,ixic
1996-09-30,1996-10-31,0.202733,0.025000,-0.162290,defense,0.080000,3.200000,True,ixic
1996-10-31,1996-11-29,0.170544,0.056032,-0.178131,defense,0.080000,1.500000,True,ixic
1996-11-29,1996-12-31,0.247621,0.044276,-0.108223,attack,0.200000,4.517095,True,ixic
1996-12-31,1997-01-31,0.218873,0.042023,-0.119189,attack,0.200000,4.759340,True,ixic
1997-01-31,1997-02-28,0.311482,0.049512,0.000000,attack,0.200000,4.039449,True,ixic
1997-02-28,1997-03-31,0.235150,0.084955,-0.213469,defense,0.080000,1.500000,True,ixic
1997-03-31,1997-04-30,0.110586,0.025000,-0.293922,defense,0.080000,3.200000,True,ixic
1997-04-30,1997-05-30,0.144689,0.069766,-0.225073,defense,0.080000,1.500000,True,ixic
1997-05-30,1997-06-30,0.176226,0.055666,-0.098145,normal,0.140000,2.515010,True,ixic
1997-06-30,1997-07-31,0.159752,0.057191,-0.033923,normal,0.140000,2.447931,True,ixic
1997-07-31,1997-08-29,0.344965,0.053322,0.000000,attack,0.200000,3.750776,True,ixic
1997-08-29,1997-09-30,0.468938,0.077284,-0.020899,normal,0.140000,1.811506,True,ixic
1997-09-30,1997-10-31,0.476732,0.046700,0.000000,attack,0.200000,4.282616,True,ixic
1997-10-31,1997-11-28,0.298870,0.082446,-0.240360,defense,0.080000,1.500000,True,ixic
1997-11-28,1997-12-31,0.310304,0.041705,-0.237107,defense,0.080000,1.918247,True,ixic
1997-12-31,1998-01-30,0.214868,0.025000,-0.266914,defense,0.080000,3.200000,True,ixic
1998-01-30,1998-02-27,0.254316,0.035411,-0.197219,defense,0.080000,2.259212,True,ixic
1998-02-27,1998-03-31,0.283118,0.043932,-0.030655,attack,0.200000,4.552453,True,ixic
1998-03-31,1998-04-30,0.402353,0.039973,0.000000,attack,0.200000,5.000000,True,ixic
1998-04-30,1998-05-29,0.529353,0.025000,0.000000,attack,0.200000,5.000000,True,ixic
1998-05-29,1998-06-30,0.410951,0.046494,-0.247116,defense,0.080000,1.720637,True,ixic
1998-06-30,1998-07-31,0.353076,0.079945,-0.164678,defense,0.080000,1.500000,True,ixic
1998-07-31,1998-08-31,0.298404,0.054400,-0.181337,defense,0.080000,1.500000,True,ixic
1998-08-31,1998-09-30,-0.059330,0.132575,-0.427900,defense,0.080000,1.500000,False,bond2x_pos
1998-09-30,1998-10-30,0.067107,0.232693,-0.415911,defense,0.080000,1.500000,False,bond2x_pos
1998-10-30,1998-11-30,0.050840,0.059403,-0.403669,defense,0.080000,1.500000,True,ixic
1998-11-30,1998-12-31,0.223348,0.038740,-0.315051,defense,0.080000,2.065028,True,ixic
1998-12-31,1999-01-29,0.369960,0.025000,-0.140761,attack,0.200000,5.000000,True,ixic
1999-01-29,1999-02-26,0.595753,0.025000,0.000000,attack,0.200000,5.000000,True,ixic
1999-02-26,1999-03-31,0.412922,0.162477,-0.442196,defense,0.080000,1.500000,True,ixic
1999-03-31,1999-04-30,0.390221,0.115055,-0.380052,defense,0.080000,1.500000,True,ixic
1999-04-30,1999-05-28,0.385241,0.030178,-0.350671,defense,0.080000,2.650970,True,ixic
1999-05-28,1999-06-30,0.322258,0.043518,-0.402222,defense,0.080000,1.838334,True,ixic
1999-06-30,1999-07-30,0.510015,0.081825,-0.307969,defense,0.080000,1.500000,True,ixic
1999-07-30,1999-08-31,0.392534,0.074247,-0.327933,defense,0.080000,1.500000,True,ixic
1999-08-31,1999-09-30,0.463023,0.039568,-0.290909,defense,0.080000,2.021810,True,ixic
1999-09-30,1999-10-29,0.831689,0.025272,-0.289495,defense,0.080000,3.165522,True,ixic
1999-10-29,1999-11-30,0.751305,0.054959,-0.112467,attack,0.200000,3.639056,True,ixic
1999-11-30,1999-12-31,0.883357,0.031415,0.000000,attack,0.200000,5.000000,True,ixic
1999-12-31,2000-01-31,1.087318,0.067260,0.000000,normal,0.140000,2.081462,True,ixic
2000-01-31,2000-02-29,0.797039,0.177802,-0.069086,normal,0.140000,1.500000,True,ixic
2000-02-29,2000-03-31,0.874260,0.158136,0.000000,normal,0.140000,1.500000,True,ixic
2000-03-31,2000-04-28,0.998588,0.154375,-0.041808,normal,0.140000,1.500000,True,ixic
2000-04-28,2000-05-31,0.568481,0.091477,-0.267806,defense,0.080000,1.500000,False,bond2x_pos
2000-05-31,2000-06-30,0.337435,0.025918,-0.244070,defense,0.080000,3.086658,False,bond2x_pos
2000-06-30,2000-07-31,0.605375,0.201721,-0.219564,defense,0.080000,1.500000,False,bond2x_pos
2000-07-31,2000-08-31,0.402391,0.153015,-0.194264,defense,0.080000,1.500000,True,ixic
2000-08-31,2000-09-29,0.594226,0.117973,-0.055112,normal,0.140000,1.500000,True,ixic
2000-09-29,2000-10-31,0.340763,0.172162,-0.237012,defense,0.080000,1.500000,False,bond2x_pos
2000-10-31,2000-11-30,0.227033,0.031317,-0.212277,defense,0.080000,2.554488,False,bond2x_pos
2000-11-30,2000-12-29,-0.124223,0.103568,-0.186741,defense,0.080000,1.500000,False,bond2x_pos
2000-12-29,2001-01-31,-0.259472,0.127260,-0.160377,defense,0.080000,1.500000,False,bond2x_pos
2001-01-31,2001-02-28,-0.318624,0.121176,-0.155719,defense,0.080000,1.500000,False,bond2x_pos
2001-02-28,2001-03-30,-0.453899,0.244841,-0.151035,defense,0.080000,1.500000,False,bond2x_pos
2001-03-30,2001-04-30,-0.608179,0.055959,-0.146325,normal,0.140000,2.501834,False,bond2x_pos
2001-04-30,2001-05-31,-0.537214,0.208427,-0.141590,normal,0.140000,1.500000,False,bond2x_pos
2001-05-31,2001-06-29,-0.453332,0.107961,-0.136828,normal,0.140000,1.500000,False,bond2x_pos
2001-06-29,2001-07-31,-0.364717,0.025000,-0.132039,normal,0.140000,5.000000,False,bond2x_pos
2001-07-31,2001-08-31,-0.488890,0.060432,-0.127224,normal,0.140000,2.316671,False,bond2x_pos
2001-08-31,2001-09-28,-0.520723,0.033665,-0.122383,normal,0.140000,4.158668,False,bond2x_pos
2001-09-28,2001-10-31,-0.643682,0.042763,-0.117514,normal,0.140000,3.273880,False,bond2x_pos
2001-10-31,2001-11-30,-0.539809,0.210392,-0.112618,normal,0.140000,1.500000,False,bond2x_pos
2001-11-30,2001-12-31,-0.427065,0.025000,-0.107696,normal,0.140000,5.000000,False,bond2x_pos
2001-12-31,2002-01-31,-0.249248,0.093305,-0.102746,normal,0.140000,1.500452,False,bond2x_pos
2002-01-31,2002-02-28,-0.217145,0.025000,-0.080010,normal,0.140000,5.000000,False,bond2x_pos
2002-02-28,2002-03-29,-0.375529,0.068137,-0.056698,normal,0.140000,2.054680,False,bond2x_pos
2002-03-29,2002-04-30,-0.136433,0.125827,-0.032796,normal,0.140000,1.500000,False,bond2x_pos
2002-04-30,2002-05-31,-0.082613,0.116463,-0.008287,normal,0.140000,1.500000,False,bond2x_pos
2002-05-31,2002-06-28,-0.236509,0.034330,0.000000,normal,0.140000,4.078037,False,bond2x_pos
2002-06-28,2002-07-31,-0.306700,0.036382,0.000000,normal,0.140000,3.848008,False,bond2x_pos
2002-07-31,2002-08-30,-0.385219,0.025000,0.000000,normal,0.140000,5.000000,False,bond2x_pos
2002-08-30,2002-09-30,-0.351370,0.058077,0.000000,normal,0.140000,2.410607,False,bond2x_pos
2002-09-30,2002-10-31,-0.350814,0.069651,0.000000,normal,0.140000,2.010008,False,bond2x_pos
2002-10-31,2002-11-29,-0.112790,0.171925,0.000000,normal,0.140000,1.500000,False,bond2x_pos
2002-11-29,2002-12-31,-0.125086,0.025000,0.000000,normal,0.140000,5.000000,False,bond2x_pos
2002-12-31,2003-01-31,-0.308234,0.147755,0.000000,normal,0.140000,1.500000,False,bond2x_pos
2003-01-31,2003-02-28,-0.322749,0.060777,0.000000,normal,0.140000,2.303500,False,bond2x_pos
2003-02-28,2003-03-31,-0.308439,0.025000,0.000000,normal,0.140000,5.000000,False,bond2x_pos
2003-03-31,2003-04-30,-0.225424,0.025000,0.000000,normal,0.140000,5.000000,False,bond2x_pos
2003-04-30,2003-05-30,-0.211995,0.062994,0.000000,normal,0.140000,2.222447,False,bond2x_pos
2003-05-30,2003-06-30,-0.054684,0.025000,0.000000,normal,0.140000,5.000000,False,bond2x_pos
2003-06-30,2003-07-31,0.004376,0.051635,0.000000,normal,0.140000,2.711360,True,ixic
2003-07-31,2003-08-29,0.185763,0.036984,0.000000,normal,0.140000,3.785458,True,ixic
2003-08-29,2003-09-30,0.363024,0.025000,0.000000,attack,0.200000,5.000000,True,ixic
2003-09-30,2003-10-31,0.359045,0.039924,-0.072429,attack,0.200000,5.000000,True,ixic
2003-10-31,2003-11-28,0.648559,0.066667,0.000000,normal,0.140000,2.099995,True,ixic
2003-11-28,2003-12-31,0.474157,0.047219,0.000000,attack,0.200000,4.235546,True,ixic
2003-12-31,2004-01-30,0.354745,0.025000,0.000000,attack,0.200000,5.000000,True,ixic
2004-01-30,2004-02-27,0.547087,0.025000,0.000000,attack,0.200000,5.000000,True,ixic
2004-02-27,2004-03-31,0.536683,0.034592,-0.095417,attack,0.200000,5.000000,True,ixic
2004-03-31,2004-04-30,0.490983,0.025000,-0.181527,defense,0.080000,3.200000,True,ixic
2004-04-30,2004-05-28,0.431698,0.025000,-0.282735,defense,0.080000,3.200000,True,ixic
2004-05-28,2004-06-30,0.356776,0.050786,-0.206580,defense,0.080000,1.575244,True,ixic
2004-06-30,2004-07-30,0.283149,0.025000,-0.170049,defense,0.080000,3.200000,True,ixic
2004-07-30,2004-08-31,0.163027,0.077125,-0.382100,defense,0.080000,1.500000,True,ixic
2004-08-31,2004-09-30,0.059411,0.036941,-0.407681,defense,0.080000,2.165591,True,ixic
2004-09-30,2004-10-29,0.047717,0.041052,-0.368613,defense,0.080000,1.948729,True,ixic
2004-10-29,2004-11-30,0.105236,0.025000,-0.319766,defense,0.080000,3.200000,True,ixic
2004-11-30,2004-12-31,0.085187,0.025000,-0.188766,defense,0.080000,3.200000,True,ixic
2004-12-31,2005-01-31,0.109771,0.025000,-0.095312,normal,0.140000,5.000000,True,ixic
2005-01-31,2005-02-28,0.029470,0.063256,-0.337123,defense,0.080000,1.500000,True,ixic
2005-02-28,2005-03-31,-0.006984,0.033074,-0.343768,defense,0.080000,2.418800,False,bond2x_pos
2005-03-31,2005-04-29,-0.015070,0.025000,-0.337004,defense,0.080000,3.200000,False,bond2x_pos
2005-04-29,2005-05-31,-0.036390,0.025000,-0.330169,defense,0.080000,3.200000,False,bond2x_pos
2005-05-31,2005-06-30,0.077114,0.081372,-0.323265,defense,0.080000,1.500000,True,ixic
2005-06-30,2005-07-29,0.035344,0.057783,-0.330314,defense,0.080000,1.500000,True,ixic
2005-07-29,2005-08-31,0.066921,0.047807,-0.269375,defense,0.080000,1.673406,True,ixic
2005-08-31,2005-09-30,0.140265,0.054553,-0.289530,defense,0.080000,1.500000,True,ixic
2005-09-30,2005-10-31,0.170606,0.025000,-0.291326,defense,0.080000,3.200000,True,ixic
2005-10-31,2005-11-30,0.117806,0.025000,-0.327811,defense,0.080000,3.200000,True,ixic
2005-11-30,2005-12-30,0.130547,0.047840,-0.216888,defense,0.080000,1.672228,True,ixic
2005-12-30,2006-01-31,0.051750,0.046234,-0.234981,defense,0.080000,1.730342,True,ixic
2006-01-31,2006-02-28,0.059933,0.040933,-0.176642,defense,0.080000,1.954417,True,ixic
2006-02-28,2006-03-31,0.106172,0.039719,-0.196112,defense,0.080000,2.014159,True,ixic
2006-03-31,2006-04-28,0.140404,0.025599,-0.157085,defense,0.080000,3.125145,True,ixic
2006-04-28,2006-05-31,0.161732,0.025000,-0.180424,defense,0.080000,3.200000,True,ixic
2006-05-31,2006-06-30,0.133854,0.038545,-0.346624,defense,0.080000,2.075473,True,ixic
2006-06-30,2006-07-31,0.050222,0.041549,-0.352877,defense,0.080000,1.925429,True,ixic
2006-07-31,2006-08-31,0.016777,0.025000,-0.400993,defense,0.080000,3.200000,True,ixic
2006-08-31,2006-09-29,-0.000494,0.057444,-0.319294,defense,0.080000,1.500000,False,bond2x_pos
2006-09-29,2006-10-31,0.049408,0.025000,-0.318845,defense,0.080000,3.200000,True,ixic
2006-10-31,2006-11-30,0.099931,0.025000,-0.217600,defense,0.080000,3.200000,True,ixic
2006-11-30,2006-12-29,0.146899,0.025000,-0.152530,defense,0.080000,3.200000,True,ixic
2006-12-29,2007-01-31,0.081722,0.025000,-0.174976,defense,0.080000,3.200000,True,ixic
2007-01-31,2007-02-28,0.117262,0.025000,-0.125780,normal,0.140000,5.000000,True,ixic
2007-02-28,2007-03-30,0.047844,0.027949,-0.217101,defense,0.080000,2.862339,True,ixic
2007-03-30,2007-04-30,0.061476,0.025000,-0.215370,defense,0.080000,3.200000,True,ixic
2007-04-30,2007-05-31,0.079195,0.028603,-0.111866,normal,0.140000,4.894553,True,ixic
2007-05-31,2007-06-29,0.121396,0.025000,0.000000,normal,0.140000,5.000000,True,ixic
2007-06-29,2007-07-31,0.194762,0.025000,-0.009976,normal,0.140000,5.000000,True,ixic
2007-07-31,2007-08-31,0.172267,0.025000,-0.125713,normal,0.140000,5.000000,True,ixic
2007-08-31,2007-09-28,0.241404,0.029382,-0.046275,attack,0.200000,5.000000,True,ixic
2007-09-28,2007-10-31,0.237092,0.025000,0.000000,attack,0.200000,5.000000,True,ixic
2007-10-31,2007-11-30,0.265982,0.025000,0.000000,attack,0.200000,5.000000,True,ixic
2007-11-30,2007-12-31,0.124329,0.090265,-0.354040,defense,0.080000,1.500000,True,ixic
2007-12-31,2008-01-31,0.090679,0.046702,-0.358654,defense,0.080000,1.713003,True,ixic
2008-01-31,2008-02-29,-0.010529,0.067655,-0.469002,defense,0.080000,1.500000,False,bond2x_pos
2008-02-29,2008-03-31,-0.078103,0.034936,-0.448881,defense,0.080000,2.289900,False,bond2x_pos
2008-03-31,2008-04-30,-0.056719,0.037398,-0.427998,defense,0.080000,2.139145,False,bond2x_pos
2008-04-30,2008-05-30,-0.003646,0.039109,-0.406324,defense,0.080000,2.045551,False,bond2x_pos
2008-05-30,2008-06-30,-0.000966,0.025000,-0.383828,defense,0.080000,3.200000,False,bond2x_pos
2008-06-30,2008-07-31,-0.119615,0.096570,-0.360481,defense,0.080000,1.500000,False,bond2x_pos
2008-07-31,2008-08-29,-0.106667,0.074421,-0.336248,defense,0.080000,1.500000,False,bond2x_pos
2008-08-29,2008-09-30,-0.070201,0.025000,-0.311097,defense,0.080000,3.200000,False,bond2x_pos
2008-09-30,2008-10-31,-0.197981,0.097939,-0.284993,defense,0.080000,1.500000,False,bond2x_pos
2008-10-31,2008-11-28,-0.362965,0.037538,-0.257900,defense,0.080000,2.131180,False,bond2x_pos
2008-11-28,2008-12-31,-0.462922,0.046546,-0.229781,defense,0.080000,1.718719,False,bond2x_pos
2008-12-31,2009-01-30,-0.407345,0.095261,-0.200596,defense,0.080000,1.500000,False,cash
2009-01-30,2009-02-27,-0.443339,0.064203,-0.200596,defense,0.080000,1.500000,False,cash
2009-02-27,2009-03-31,-0.423464,0.025000,-0.200596,defense,0.080000,3.200000,False,cash
2009-03-31,2009-04-30,-0.327051,0.124578,-0.200596,defense,0.080000,1.500000,False,cash
2009-04-30,2009-05-29,-0.246501,0.025000,-0.200596,defense,0.080000,3.200000,False,cash
2009-05-29,2009-06-30,-0.264618,0.063813,-0.200596,defense,0.080000,1.500000,False,cash
2009-06-30,2009-07-31,-0.272574,0.025000,-0.200596,defense,0.080000,3.200000,False,cash
2009-07-31,2009-08-31,-0.137149,0.031086,-0.200596,defense,0.080000,2.573497,False,cash
2009-08-31,2009-09-30,-0.136093,0.044358,-0.200596,defense,0.080000,1.803496,False,cash
2009-09-30,2009-10-30,-0.103526,0.028976,-0.200596,defense,0.080000,2.760899,False,cash
2009-10-30,2009-11-30,-0.017874,0.065655,-0.200596,defense,0.080000,1.500000,False,cash
2009-11-30,2009-12-31,0.246172,0.060156,-0.200596,defense,0.080000,1.500000,True,ixic
2009-12-31,2010-01-29,0.477725,0.025000,-0.132755,attack,0.200000,5.000000,True,ixic
2010-01-29,2010-02-26,0.361642,0.079021,-0.372012,defense,0.080000,1.500000,True,ixic
2010-02-26,2010-03-31,0.516005,0.067891,-0.333546,defense,0.080000,1.500000,True,ixic
2010-03-31,2010-04-30,0.740376,0.025000,-0.263718,defense,0.080000,3.200000,True,ixic
2010-04-30,2010-05-28,0.610105,0.031807,-0.205126,defense,0.080000,2.515174,True,ixic
2010-05-28,2010-06-30,0.314296,0.077298,-0.373958,defense,0.080000,1.500000,True,ixic
2010-06-30,2010-07-30,0.188753,0.025000,-0.436860,defense,0.080000,3.200000,True,ixic
2010-07-30,2010-08-31,0.228693,0.095069,-0.315288,defense,0.080000,1.500000,True,ixic
2010-08-31,2010-09-30,0.068501,0.092881,-0.380907,defense,0.080000,1.500000,True,ixic
2010-09-30,2010-10-29,0.178969,0.129272,-0.270465,defense,0.080000,1.500000,True,ixic
2010-10-29,2010-11-30,0.181392,0.043723,-0.207985,defense,0.080000,1.829707,True,ixic
2010-11-30,2010-12-31,0.221563,0.044022,-0.215465,defense,0.080000,1.817275,True,ixic
2010-12-31,2011-01-31,0.237000,0.046359,-0.129352,attack,0.200000,4.314193,True,ixic
2011-01-31,2011-02-28,0.189908,0.031186,-0.068142,normal,0.140000,4.489159,True,ixic
2011-02-28,2011-03-31,0.295676,0.025000,0.000000,attack,0.200000,5.000000,True,ixic
2011-03-31,2011-04-29,0.242514,0.025000,-0.009657,attack,0.200000,5.000000,True,ixic
2011-04-29,2011-05-31,0.198327,0.025000,0.000000,normal,0.140000,5.000000,True,ixic
2011-05-31,2011-06-30,0.152004,0.032921,-0.074038,normal,0.140000,4.252596,True,ixic
2011-06-30,2011-07-29,0.228831,0.025000,-0.165746,defense,0.080000,3.200000,True,ixic
2011-07-29,2011-08-31,0.306812,0.025000,-0.186249,defense,0.080000,3.200000,True,ixic
2011-08-31,2011-09-30,0.144037,0.041016,-0.357294,defense,0.080000,1.950446,True,ixic
2011-09-30,2011-10-31,0.142557,0.025000,-0.438904,defense,0.080000,3.200000,True,ixic
2011-10-31,2011-11-30,0.133322,0.123726,-0.241627,defense,0.080000,1.500000,True,ixic
2011-11-30,2011-12-30,0.045039,0.095629,-0.270484,defense,0.080000,1.500000,True,ixic
2011-12-30,2012-01-31,0.042798,0.025000,-0.278469,defense,0.080000,3.200000,True,ixic
2012-01-31,2012-02-29,0.060678,0.060743,-0.096974,normal,0.140000,2.304790,True,ixic
2012-02-29,2012-03-30,0.098816,0.025000,0.000000,normal,0.140000,5.000000,True,ixic
2012-03-30,2012-04-30,0.111168,0.025000,0.000000,normal,0.140000,5.000000,True,ixic
2012-04-30,2012-05-31,0.095391,0.040056,-0.080618,normal,0.140000,3.495125,True,ixic
2012-05-31,2012-06-29,-0.016078,0.040497,-0.316464,defense,0.080000,1.975434,False,bond2x_pos
2012-06-29,2012-07-31,0.035181,0.077776,-0.313776,defense,0.080000,1.500000,True,ixic
2012-07-31,2012-08-31,0.059852,0.025861,-0.313753,defense,0.080000,3.093467,True,ixic
2012-08-31,2012-09-28,0.112677,0.029579,-0.224902,defense,0.080000,2.704620,True,ixic
2012-09-28,2012-10-31,0.208094,0.025000,-0.194369,defense,0.080000,3.200000,True,ixic
2012-10-31,2012-11-30,0.232603,0.042900,-0.313229,defense,0.080000,1.864796,True,ixic
2012-11-30,2012-12-31,0.121379,0.039381,-0.300950,defense,0.080000,2.031454,True,ixic
2012-12-31,2013-01-31,0.152335,0.025000,-0.298707,defense,0.080000,3.200000,True,ixic
2013-01-31,2013-02-28,0.206122,0.026538,-0.210941,defense,0.080000,3.014597,True,ixic
2013-02-28,2013-03-29,0.123088,0.025000,-0.200837,defense,0.080000,3.200000,True,ixic
2013-03-29,2013-04-30,0.101328,0.025000,-0.117818,normal,0.140000,5.000000,True,ixic
2013-04-30,2013-05-31,0.076731,0.025000,-0.041724,normal,0.140000,5.000000,True,ixic
2013-05-31,2013-06-28,0.134439,0.025000,0.000000,normal,0.140000,5.000000,True,ixic
2013-06-28,2013-07-31,0.203693,0.037778,-0.083688,attack,0.200000,5.000000,True,ixic
2013-07-31,2013-08-30,0.235539,0.057133,0.000000,attack,0.200000,3.500592,True,ixic
2013-08-30,2013-09-30,0.221244,0.053476,-0.040485,attack,0.200000,3.740018,True,ixic
2013-09-30,2013-10-31,0.229713,0.042889,0.000000,attack,0.200000,4.663159,True,ixic
2013-10-31,2013-11-29,0.257837,0.025000,0.000000,attack,0.200000,5.000000,True,ixic
2013-11-29,2013-12-31,0.363647,0.025000,0.000000,attack,0.200000,5.000000,True,ixic
2013-12-31,2014-01-31,0.387461,0.025000,0.000000,attack,0.200000,5.000000,True,ixic
2014-01-31,2014-02-28,0.359121,0.032635,-0.094545,attack,0.200000,5.000000,True,ixic
2014-02-28,2014-03-31,0.371083,0.047501,0.000000,attack,0.200000,4.210443,True,ixic
2014-03-31,2014-04-30,0.328714,0.053103,-0.112971,attack,0.200000,3.766276,True,ixic
2014-04-30,2014-05-30,0.259230,0.025000,-0.185157,defense,0.080000,3.200000,True,ixic
2014-05-30,2014-06-30,0.274523,0.036226,-0.107913,attack,0.200000,5.000000,True,ixic
2014-06-30,2014-07-31,0.275548,0.025000,0.000000,attack,0.200000,5.000000,True,ixic
2014-07-31,2014-08-29,0.283999,0.033755,-0.051067,attack,0.200000,5.000000,True,ixic
2014-08-29,2014-09-30,0.263045,0.040224,0.000000,attack,0.200000,4.972165,True,ixic
2014-09-30,2014-10-31,0.251686,0.047475,-0.101772,attack,0.200000,4.212719,True,ixic
2014-10-31,2014-11-28,0.227831,0.035027,0.000000,attack,0.200000,5.000000,True,ixic
2014-11-28,2014-12-31,0.222445,0.025000,0.000000,attack,0.200000,5.000000,True,ixic
2014-12-31,2015-01-30,0.166546,0.032770,-0.065497,normal,0.140000,4.272244,True,ixic
2015-01-30,2015-02-27,0.109814,0.025000,-0.156467,defense,0.080000,3.200000,True,ixic
2015-02-27,2015-03-31,0.209472,0.065132,0.000000,normal,0.140000,2.149483,True,ixic
2015-03-31,2015-04-30,0.137591,0.059006,-0.030355,normal,0.140000,2.372646,True,ixic
2015-04-30,2015-05-29,0.176812,0.025000,-0.014775,normal,0.140000,5.000000,True,ixic
2015-05-29,2015-06-30,0.232528,0.025000,0.000000,attack,0.200000,5.000000,True,ixic
2015-06-30,2015-07-31,0.175422,0.030361,-0.090753,normal,0.140000,4.611226,True,ixic
2015-07-31,2015-08-31,0.163578,0.031964,0.000000,normal,0.140000,4.379967,True,ixic
2015-08-31,2015-09-30,0.093080,0.068819,-0.307790,defense,0.080000,1.500000,True,ixic
2015-09-30,2015-10-30,0.008709,0.025483,-0.343334,defense,0.080000,3.139296,True,ixic
2015-10-30,2015-11-30,0.124708,0.089506,-0.152963,defense,0.080000,1.500000,True,ixic
2015-11-30,2015-12-31,0.103208,0.058676,-0.141062,normal,0.140000,2.385989,True,ixic
2015-12-31,2016-01-29,0.045033,0.025000,-0.184758,defense,0.080000,3.200000,True,ixic
2016-01-29,2016-02-29,-0.025781,0.041546,-0.393657,defense,0.080000,1.925595,False,bond2x_pos
2016-02-29,2016-03-31,-0.016674,0.046979,-0.393257,defense,0.080000,1.702886,False,bond2x_pos
2016-03-31,2016-04-29,-0.018874,0.056969,-0.392857,defense,0.080000,1.500000,False,bond2x_pos
2016-04-29,2016-05-31,-0.025612,0.062107,-0.392457,defense,0.080000,1.500000,False,bond2x_pos
2016-05-31,2016-06-30,0.001342,0.039291,-0.392057,defense,0.080000,2.036093,True,ixic
2016-06-30,2016-07-29,-0.045085,0.040630,-0.420276,defense,0.080000,1.968971,False,bond2x_pos
2016-07-29,2016-08-31,0.035144,0.061706,-0.419894,defense,0.080000,1.500000,True,ixic
2016-08-31,2016-09-30,0.016369,0.039648,-0.412587,defense,0.080000,2.017759,True,ixic
2016-09-30,2016-10-31,0.112109,0.025000,-0.391907,defense,0.080000,3.200000,True,ixic
2016-10-31,2016-11-30,0.123149,0.029754,-0.439835,defense,0.080000,2.688706,True,ixic
2016-11-30,2016-12-30,0.053412,0.034691,-0.403042,defense,0.080000,2.306103,True,ixic
2016-12-30,2017-01-31,0.053722,0.025000,-0.389736,defense,0.080000,3.200000,True,ixic
2017-01-31,2017-02-28,0.121296,0.025000,-0.308622,defense,0.080000,3.200000,True,ixic
2017-02-28,2017-03-31,0.262571,0.025000,-0.228938,defense,0.080000,3.200000,True,ixic
2017-03-31,2017-04-28,0.297017,0.025000,-0.196086,defense,0.080000,3.200000,True,ixic
2017-04-28,2017-05-31,0.241847,0.025000,-0.140821,attack,0.200000,5.000000,True,ixic
2017-05-31,2017-06-30,0.298022,0.025000,-0.040066,attack,0.200000,5.000000,True,ixic
2017-06-30,2017-07-31,0.240978,0.025000,-0.092254,attack,0.200000,5.000000,True,ixic
2017-07-31,2017-08-31,0.310872,0.030546,0.000000,attack,0.200000,5.000000,True,ixic
2017-08-31,2017-09-29,0.245350,0.025000,0.000000,attack,0.200000,5.000000,True,ixic
2017-09-29,2017-10-31,0.246055,0.025000,0.000000,attack,0.200000,5.000000,True,ixic
2017-10-31,2017-11-30,0.266504,0.025000,0.000000,attack,0.200000,5.000000,True,ixic
2017-11-30,2017-12-29,0.324686,0.025000,0.000000,attack,0.200000,5.000000,True,ixic
2017-12-29,2018-01-31,0.296733,0.025000,0.000000,attack,0.200000,5.000000,True,ixic
2018-01-31,2018-02-28,0.376800,0.049017,0.000000,attack,0.200000,4.080238,True,ixic
2018-02-28,2018-03-29,0.295331,0.065254,-0.082352,normal,0.140000,2.145459,True,ixic
2018-03-29,2018-04-30,0.212518,0.025000,-0.142032,attack,0.200000,5.000000,True,ixic
2018-04-30,2018-05-31,0.195294,0.025000,-0.146754,normal,0.140000,5.000000,True,ixic
2018-05-31,2018-06-29,0.230589,0.037328,0.000000,attack,0.200000,5.000000,True,ixic
2018-06-29,2018-07-31,0.211628,0.031132,0.000000,attack,0.200000,5.000000,True,ixic
2018-07-31,2018-08-31,0.249392,0.025000,0.000000,attack,0.200000,5.000000,True,ixic
2018-08-31,2018-09-28,0.277471,0.025143,0.000000,attack,0.200000,5.000000,True,ixic
2018-09-28,2018-10-31,0.251637,0.045857,-0.046460,attack,0.200000,4.361373,True,ixic
2018-10-31,2018-11-30,0.124684,0.059560,-0.435399,defense,0.080000,1.500000,False,cash
2018-11-30,2018-12-31,0.089611,0.067455,-0.435399,defense,0.080000,1.500000,False,cash
2018-12-31,2019-01-31,-0.034724,0.069450,-0.435399,defense,0.080000,1.500000,False,bond2x_pos
2019-01-31,2019-02-28,0.054806,0.135957,-0.422735,defense,0.080000,1.500000,False,bond2x_pos
2019-02-28,2019-03-29,0.016333,0.044538,-0.409787,defense,0.080000,1.796205,True,ixic
2019-03-29,2019-04-30,0.062740,0.025000,-0.383680,defense,0.080000,3.200000,True,ixic
2019-04-30,2019-05-31,0.146096,0.025000,-0.293232,defense,0.080000,3.200000,True,ixic
2019-05-31,2019-06-28,0.054750,0.089587,-0.476051,defense,0.080000,1.500000,True,ixic
2019-06-28,2019-07-31,0.075802,0.108572,-0.418907,defense,0.080000,1.500000,True,ixic
2019-07-31,2019-08-30,0.088561,0.037532,-0.401796,defense,0.080000,2.131488,True,ixic
2019-08-30,2019-09-30,0.037943,0.033324,-0.436857,defense,0.080000,2.400637,True,ixic
2019-09-30,2019-10-31,-0.013589,0.025000,-0.432695,defense,0.080000,3.200000,False,bond2x_pos
2019-10-31,2019-11-29,0.030574,0.025000,-0.419971,defense,0.080000,3.200000,True,ixic
2019-11-29,2019-12-31,0.186092,0.025000,-0.339241,defense,0.080000,3.200000,True,ixic
2019-12-31,2020-01-31,0.224003,0.025000,-0.267470,defense,0.080000,3.200000,True,ixic
2020-01-31,2020-02-28,0.379133,0.025000,-0.224397,defense,0.080000,3.200000,True,ixic
2020-02-28,2020-03-31,0.176555,0.059147,-0.386396,defense,0.080000,1.500000,True,ixic
2020-03-31,2020-04-30,0.022246,0.026487,-0.480949,defense,0.080000,3.020385,False,bond2x_pos
2020-04-30,2020-05-29,0.150108,0.180808,-0.467050,defense,0.080000,1.500000,False,bond2x_pos
2020-05-29,2020-06-30,0.172256,0.061477,-0.452780,defense,0.080000,1.500000,True,ixic
2020-06-30,2020-07-31,0.349600,0.025000,-0.404804,defense,0.080000,3.200000,True,ixic
2020-07-31,2020-08-31,0.342111,0.025000,-0.277672,defense,0.080000,3.200000,True,ixic
2020-08-31,2020-09-30,0.440349,0.025000,-0.059532,attack,0.200000,5.000000,True,ixic
2020-09-30,2020-10-30,0.402446,0.104300,-0.309360,defense,0.080000,1.500000,True,ixic
2020-10-30,2020-11-30,0.364062,0.025000,-0.334655,defense,0.080000,3.200000,True,ixic
2020-11-30,2020-12-31,0.471082,0.099616,-0.086696,normal,0.140000,1.500000,True,ixic
2020-12-31,2021-01-29,0.487314,0.043442,-0.011313,attack,0.200000,4.603843,True,ixic
2021-01-29,2021-02-26,0.456733,0.029962,0.000000,attack,0.200000,5.000000,True,ixic
2021-02-26,2021-03-31,0.441639,0.025000,0.000000,attack,0.200000,5.000000,True,ixic
2021-03-31,2021-04-30,0.546201,0.025000,0.000000,attack,0.200000,5.000000,True,ixic
2021-04-30,2021-05-28,0.813312,0.035287,0.000000,attack,0.200000,5.000000,True,ixic
2021-05-28,2021-06-30,0.546618,0.049044,-0.084111,attack,0.200000,4.077986,True,ixic
2021-06-30,2021-07-30,0.528361,0.049675,0.000000,attack,0.200000,4.026135,True,ixic
2021-07-30,2021-08-31,0.458695,0.030615,0.000000,attack,0.200000,5.000000,True,ixic
2021-08-31,2021-09-30,0.420089,0.025000,0.000000,attack,0.200000,5.000000,True,ixic
2021-09-30,2021-10-29,0.227008,0.065833,-0.273129,defense,0.080000,1.500000,True,ixic
2021-10-29,2021-11-30,0.387811,0.088943,-0.195545,defense,0.080000,1.500000,True,ixic
2021-11-30,2021-12-31,0.423962,0.049584,-0.194295,defense,0.080000,1.613418,True,ixic
2021-12-31,2022-01-31,0.282507,0.025000,-0.187269,defense,0.080000,3.200000,True,ixic
2022-01-31,2022-02-28,0.104870,0.068388,-0.424745,defense,0.080000,1.500000,True,ixic
2022-02-28,2022-03-31,0.052079,0.039250,-0.455640,defense,0.080000,2.038237,True,ixic
2022-03-31,2022-04-29,0.077937,0.048379,-0.419453,defense,0.080000,1.653616,True,ixic
2022-04-29,2022-05-31,-0.068864,0.117897,-0.548205,defense,0.080000,1.500000,False,cash
2022-05-31,2022-06-30,-0.134737,0.079256,-0.548205,defense,0.080000,1.500000,False,cash
2022-06-30,2022-07-29,-0.197836,0.047092,-0.548205,defense,0.080000,1.698799,False,cash
2022-07-29,2022-08-31,-0.145702,0.148931,-0.548205,defense,0.080000,1.500000,False,cash
2022-08-31,2022-09-30,-0.194680,0.120106,-0.548205,defense,0.080000,1.500000,False,cash
2022-09-30,2022-10-31,-0.306937,0.041454,-0.548205,defense,0.080000,1.929840,False,cash
2022-10-31,2022-11-30,-0.239500,0.101822,-0.548205,defense,0.080000,1.500000,False,cash
2022-11-30,2022-12-30,-0.260052,0.025000,-0.548205,defense,0.080000,3.200000,False,cash
2022-12-30,2023-01-31,-0.326381,0.092632,-0.548205,defense,0.080000,1.500000,False,cash
2023-01-31,2023-02-28,-0.259535,0.137289,-0.548205,defense,0.080000,1.500000,False,cash
2023-02-28,2023-03-31,-0.195531,0.083411,-0.548205,defense,0.080000,1.500000,False,cash
2023-03-31,2023-04-28,-0.111224,0.055180,-0.548205,defense,0.080000,1.500000,False,cash
2023-04-28,2023-05-31,-0.140216,0.047035,-0.548205,defense,0.080000,1.700864,False,cash
2023-05-31,2023-06-30,0.048696,0.040717,-0.548205,defense,0.080000,1.964779,True,ixic
2023-06-30,2023-07-31,0.141253,0.025000,-0.491026,defense,0.080000,3.200000,True,ixic
2023-07-31,2023-08-31,0.300785,0.025000,-0.427542,defense,0.080000,3.200000,True,ixic
2023-08-31,2023-09-29,0.132703,0.043953,-0.470009,defense,0.080000,1.820111,True,ixic
2023-09-29,2023-10-31,0.118745,0.025762,-0.527516,defense,0.080000,3.105297,True,ixic
2023-10-31,2023-11-30,0.215176,0.025000,-0.570570,defense,0.080000,3.200000,True,ixic
2023-11-30,2023-12-29,0.294687,0.095344,-0.425605,defense,0.080000,1.500000,True,ixic
2023-12-29,2024-01-31,0.308977,0.036630,-0.379347,defense,0.080000,2.183984,True,ixic
2024-01-31,2024-02-29,0.448817,0.031833,-0.367596,defense,0.080000,2.513080,True,ixic
2024-02-29,2024-03-28,0.389085,0.036078,-0.272729,defense,0.080000,2.217419,True,ixic
2024-03-28,2024-04-30,0.429829,0.030634,-0.246332,defense,0.080000,2.611478,True,ixic
2024-04-30,2024-05-31,0.281127,0.043788,-0.335998,defense,0.080000,1.826966,True,ixic
2024-05-31,2024-06-28,0.368741,0.079800,-0.254360,defense,0.080000,1.500000,True,ixic
2024-06-28,2024-07-31,0.370870,0.025000,-0.189366,defense,0.080000,3.200000,True,ixic
2024-07-31,2024-08-30,0.276436,0.047462,-0.212742,defense,0.080000,1.685546,True,ixic
2024-08-30,2024-09-30,0.234742,0.025000,-0.206120,defense,0.080000,3.200000,True,ixic
2024-09-30,2024-10-31,0.295989,0.025000,-0.141731,attack,0.200000,5.000000,True,ixic
2024-10-31,2024-11-29,0.368841,0.025000,-0.170350,defense,0.080000,3.200000,True,ixic
2024-11-29,2024-12-31,0.495433,0.047539,-0.009565,attack,0.200000,4.207032,True,ixic
2024-12-31,2025-01-31,0.357408,0.040477,0.000000,attack,0.200000,4.941128,True,ixic
2025-01-31,2025-02-28,0.307507,0.025000,0.000000,attack,0.200000,5.000000,True,ixic
2025-02-28,2025-03-31,0.242896,0.039701,-0.206242,defense,0.080000,2.015051,True,ixic
2025-03-31,2025-04-30,0.075030,0.029971,-0.340011,defense,0.080000,2.669278,True,ixic
2025-04-30,2025-05-30,0.065135,0.064088,-0.327678,defense,0.080000,1.500000,True,ixic
2025-05-30,2025-06-30,0.220717,0.061571,-0.232805,defense,0.080000,1.500000,True,ixic
2025-06-30,2025-07-31,0.217192,0.025000,-0.158913,defense,0.080000,3.200000,True,ixic
2025-07-31,2025-08-29,0.191165,0.025000,-0.063493,normal,0.140000,5.000000,True,ixic
2025-08-29,2025-09-30,0.219107,0.025000,0.000000,attack,0.200000,5.000000,True,ixic
2025-09-30,2025-10-31,0.279241,0.028544,0.000000,attack,0.200000,5.000000,True,ixic
2025-10-31,2025-11-28,0.304345,0.025000,0.000000,attack,0.200000,5.000000,True,ixic
2025-11-28,2025-12-29,0.291268,0.043940,-0.083216,attack,0.200000,4.551700,True,ixic
