decision_date,apply_month,close,momentum,prev_month_return,realized_vol,target_vol,target_leverage,attack_state,signal,allocation
1995-01-31,1995-02-28,755.200000,,0.000000,,0.150000,2.000000,base,False,bond2x_pos
1995-02-28,1995-03-31,793.730000,,0.051020,,0.150000,2.000000,base,False,bond2x_pos
1995-03-31,1995-04-28,817.210000,,0.029582,0.025000,0.150000,4.500000,base,False,bond2x_pos
1995-04-28,1995-05-31,843.980000,,0.032758,0.025000,0.150000,4.500000,base,False,bond2x_pos
1995-05-31,1995-06-30,864.580000,,0.024408,0.025000,0.150000,4.500000,base,False,bond2x_pos
1995-06-30,1995-07-31,933.450000,,0.079657,0.039067,0.150000,3.839562,base,False,bond2x_pos
1995-07-31,1995-08-31,1001.210000,,0.072591,0.025000,0.150000,4.500000,base,False,bond2x_pos
1995-08-31,1995-09-29,1020.110000,,0.018877,0.037981,0.150000,3.949305,base,False,bond2x_pos
1995-09-29,1995-10-31,1043.540000,,0.022968,0.025000,0.150000,4.500000,base,False,bond2x_pos
1995-10-31,1995-11-30,1036.060000,,-0.007168,0.025000,0.150000,4.500000,base,False,bond2x_pos
1995-11-30,1995-12-29,1059.200000,,0.022335,0.025000,0.150000,4.500000,base,False,bond2x_pos
1995-12-29,1996-01-31,1052.130000,,-0.006675,0.025000,0.150000,4.500000,base,False,cash
1996-01-31,1996-02-29,1059.790000,,0.007280,0.025000,0.150000,4.500000,base,False,cash
1996-02-29,1996-03-29,1100.050000,0.456634,0.037989,0.025000,0.240000,4.500000,trigger,True,ixic
1996-03-29,1996-04-30,1101.400000,0.387626,0.001227,0.025994,0.240000,4.500000,trigger,True,ixic
1996-04-30,1996-05-31,1190.520000,0.456810,0.080915,0.056348,0.240000,4.259253,trigger,True,ixic
1996-05-31,1996-06-28,1243.430000,0.473293,0.044443,0.025790,0.240000,4.500000,trigger,True,ixic
1996-06-28,1996-07-31,1185.020000,0.370631,-0.046975,0.064642,0.150000,2.320471,base,True,ixic
1996-07-31,1996-08-30,1080.590000,0.157630,-0.088125,0.029098,0.150000,4.500000,base,True,ixic
1996-08-30,1996-09-30,1141.500000,0.140120,0.056367,0.102172,0.150000,2.000000,base,True,ixic
1996-09-30,1996-10-31,1226.920000,0.202733,0.074831,0.025000,0.240000,4.500000,trigger,True,ixic
1996-10-31,1996-11-29,1221.510000,0.170544,-0.004409,0.056032,0.150000,2.677056,base,True,ixic
1996-11-29,1996-12-31,1292.610000,0.247621,0.058207,0.044276,0.240000,4.500000,trigger,True,ixic
1996-12-31,1997-01-31,1291.030000,0.218873,-0.001222,0.042023,0.150000,3.569505,base,True,ixic
1997-01-31,1997-02-28,1379.850000,0.311482,0.068798,0.049512,0.240000,4.500000,trigger,True,ixic
1997-02-28,1997-03-31,1309.000000,0.235150,-0.051346,0.084955,0.150000,2.000000,base,True,ixic
1997-03-31,1997-04-30,1221.700000,0.110586,-0.066692,0.025000,0.150000,4.500000,base,True,ixic
1997-04-30,1997-05-30,1260.760000,0.144689,0.031972,0.069766,0.150000,2.150046,base,True,ixic
1997-05-30,1997-06-30,1400.320000,0.176226,0.110695,0.055666,0.240000,4.311446,trigger,True,ixic
1997-06-30,1997-07-31,1442.070000,0.159752,0.029815,0.057191,0.240000,4.196452,trigger,True,ixic
1997-07-31,1997-08-29,1593.810000,0.344965,0.105224,0.053322,0.240000,4.500000,trigger,True,ixic
1997-08-29,1997-09-30,1587.320000,0.468938,-0.004072,0.077284,0.150000,2.000000,base,True,ixic
1997-09-30,1997-10-31,1685.690000,0.476732,0.061972,0.046700,0.240000,4.500000,trigger,True,ixic
1997-10-31,1997-11-28,1593.610000,0.298870,-0.054625,0.082446,0.150000,2.000000,base,True,ixic
1997-11-28,1997-12-31,1600.550000,0.310304,0.004355,0.041705,0.240000,4.500000,trigger,True,ixic
1997-12-31,1998-01-30,1570.350000,0.214868,-0.018869,0.025000,0.150000,4.500000,base,True,ixic
1998-01-30,1998-02-27,1619.360000,0.254316,0.031210,0.035411,0.240000,4.500000,trigger,True,ixic
1998-02-27,1998-03-31,1770.510000,0.283118,0.093339,0.043932,0.240000,4.500000,trigger,True,ixic
1998-03-31,1998-04-30,1835.680000,0.402353,0.036809,0.039973,0.240000,4.500000,trigger,True,ixic
1998-04-30,1998-05-29,1868.410000,0.529353,0.017830,0.025000,0.240000,4.500000,trigger,True,ixic
1998-05-29,1998-06-30,1778.870000,0.410951,-0.047923,0.046494,0.150000,3.226195,base,True,ixic
1998-06-30,1998-07-31,1894.740000,0.353076,0.065137,0.079945,0.150000,2.000000,base,True,ixic
1998-07-31,1998-08-31,1872.390000,0.298404,-0.011796,0.054400,0.150000,2.757373,base,True,ixic
1998-08-31,1998-09-30,1499.250000,-0.059330,-0.199285,0.132575,0.150000,2.000000,base,False,bond2x_pos
1998-09-30,1998-10-30,1693.840000,0.067107,0.129792,0.232693,0.150000,2.000000,base,False,bond2x_pos
1998-10-30,1998-11-30,1771.390000,0.050840,0.045784,0.059403,0.150000,2.525140,base,True,ixic
1998-11-30,1998-12-31,1949.540000,0.223348,0.100571,0.038740,0.240000,4.500000,trigger,True,ixic
1998-12-31,1999-01-29,2192.690000,0.369960,0.124722,0.025000,0.240000,4.500000,trigger,True,ixic
1999-01-29,1999-02-26,2505.890000,0.595753,0.142838,0.025000,0.240000,4.500000,trigger,True,ixic
1999-02-26,1999-03-31,2288.030000,0.412922,-0.086939,0.162477,0.150000,2.000000,base,True,ixic
1999-03-31,1999-04-30,2461.400000,0.390221,0.075773,0.115055,0.150000,2.000000,base,True,ixic
1999-04-30,1999-05-28,2542.860000,0.385241,0.033095,0.030178,0.240000,4.500000,trigger,True,ixic
1999-05-28,1999-06-30,2470.520000,0.322258,-0.028448,0.043518,0.150000,3.446876,base,True,ixic
1999-06-30,1999-07-30,2686.120000,0.510015,0.087269,0.081825,0.150000,2.000000,base,True,ixic
1999-07-30,1999-08-31,2638.490000,0.392534,-0.017732,0.074247,0.150000,2.020286,base,True,ixic
1999-08-31,1999-09-30,2739.350000,0.463023,0.038226,0.039568,0.240000,4.500000,trigger,True,ixic
1999-09-30,1999-10-29,2746.160000,0.831689,0.002486,0.025272,0.240000,4.500000,trigger,True,ixic
1999-10-29,1999-11-30,2966.430000,0.751305,0.080210,0.054959,0.240000,4.366868,trigger,True,ixic
1999-11-30,1999-12-31,3336.160000,0.883357,0.124638,0.031415,0.240000,4.500000,trigger,True,ixic
1999-12-31,2000-01-31,4069.310000,1.087318,0.219759,0.067260,0.240000,3.568220,trigger,True,ixic
2000-01-31,2000-02-29,3940.350000,0.797039,-0.031691,0.177802,0.150000,2.000000,base,True,ixic
2000-02-29,2000-03-31,4696.690000,0.874260,0.191947,0.158136,0.150000,2.000000,base,True,ixic
2000-03-31,2000-04-28,4572.830000,0.998588,-0.026372,0.154375,0.150000,2.000000,base,True,ixic
2000-04-28,2000-05-31,3860.660000,0.568481,-0.155739,0.091477,0.150000,2.000000,base,False,bond2x_pos
2000-05-31,2000-06-30,3400.910000,0.337435,-0.119086,0.025918,0.150000,4.500000,base,False,bond2x_pos
2000-06-30,2000-07-31,3966.110000,0.605375,0.166191,0.201721,0.150000,2.000000,base,False,bond2x_pos
2000-07-31,2000-08-31,3766.990000,0.402391,-0.050205,0.153015,0.150000,2.000000,base,True,ixic
2000-08-31,2000-09-29,4206.350000,0.594226,0.116634,0.117973,0.150000,2.000000,base,True,ixic
2000-09-29,2000-10-31,3672.820000,0.340763,-0.126839,0.172162,0.150000,2.000000,base,False,bond2x_pos
2000-10-31,2000-11-30,3369.630000,0.227033,-0.082550,0.031317,0.150000,4.500000,base,False,bond2x_pos
2000-11-30,2000-12-29,2597.930000,-0.124223,-0.229016,0.103568,0.150000,2.000000,base,False,bond2x_pos
2000-12-29,2001-01-31,2470.520000,-0.259472,-0.049043,0.127260,0.150000,2.000000,base,False,bond2x_pos
2001-01-31,2001-02-28,2772.730000,-0.318624,0.122326,0.121176,0.150000,2.000000,base,False,bond2x_pos
2001-02-28,2001-03-30,2151.830000,-0.453899,-0.223931,0.244841,0.150000,2.000000,base,False,bond2x_pos
2001-03-30,2001-04-30,1840.260000,-0.608179,-0.144793,0.055959,0.150000,2.680537,base,False,bond2x_pos
2001-04-30,2001-05-31,2116.240000,-0.537214,0.149968,0.208427,0.150000,2.000000,base,False,bond2x_pos
2001-05-31,2001-06-29,2110.500000,-0.453332,-0.002712,0.107961,0.150000,2.000000,base,False,bond2x_pos
2001-06-29,2001-07-31,2160.540000,-0.364717,0.023710,0.025000,0.150000,4.500000,base,False,bond2x_pos
2001-07-31,2001-08-31,2027.120000,-0.488890,-0.061753,0.060432,0.150000,2.482148,base,False,bond2x_pos
2001-08-31,2001-09-28,1805.430000,-0.520723,-0.109362,0.033665,0.150000,4.455716,base,False,bond2x_pos
2001-09-28,2001-10-31,1498.800000,-0.643682,-0.169838,0.042763,0.150000,3.507729,base,False,bond2x_pos
2001-10-31,2001-11-30,1690.200000,-0.539809,0.127702,0.210392,0.150000,2.000000,base,False,bond2x_pos
2001-11-30,2001-12-31,1930.580000,-0.427065,0.142220,0.025000,0.150000,4.500000,base,False,bond2x_pos
2001-12-31,2002-01-31,1950.400000,-0.249248,0.010266,0.093305,0.150000,2.000000,base,False,bond2x_pos
2002-01-31,2002-02-28,1934.060000,-0.217145,-0.008378,0.025000,0.150000,4.500000,base,False,bond2x_pos
2002-02-28,2002-03-29,1731.490000,-0.375529,-0.104738,0.068137,0.150000,2.201443,base,False,bond2x_pos
2002-03-29,2002-04-30,1858.250000,-0.136433,0.073209,0.125827,0.150000,2.000000,base,False,bond2x_pos
2002-04-30,2002-05-31,1688.230000,-0.082613,-0.091495,0.116463,0.150000,2.000000,base,False,bond2x_pos
2002-05-31,2002-06-28,1615.730000,-0.236509,-0.042944,0.034330,0.150000,4.369325,base,False,bond2x_pos
2002-06-28,2002-07-31,1463.210000,-0.306700,-0.094397,0.036382,0.150000,4.122865,base,False,bond2x_pos
2002-07-31,2002-08-30,1328.260000,-0.385219,-0.092229,0.025000,0.150000,4.500000,base,False,bond2x_pos
2002-08-30,2002-09-30,1314.850000,-0.351370,-0.010096,0.058077,0.150000,2.582793,base,False,bond2x_pos
2002-09-30,2002-10-31,1172.060000,-0.350814,-0.108598,0.069651,0.150000,2.153580,base,False,bond2x_pos
2002-10-31,2002-11-29,1329.750000,-0.112790,0.134541,0.171925,0.150000,2.000000,base,False,bond2x_pos
2002-11-29,2002-12-31,1478.780000,-0.125086,0.112074,0.025000,0.150000,4.500000,base,False,bond2x_pos
2002-12-31,2003-01-31,1335.510000,-0.308234,-0.096884,0.147755,0.150000,2.000000,base,False,bond2x_pos
2003-01-31,2003-02-28,1320.910000,-0.322749,-0.010932,0.060777,0.150000,2.468036,base,False,bond2x_pos
2003-02-28,2003-03-31,1337.520000,-0.308439,0.012575,0.025000,0.150000,4.500000,base,False,bond2x_pos
2003-03-31,2003-04-30,1341.170000,-0.225424,0.002729,0.025000,0.150000,4.500000,base,False,bond2x_pos
2003-04-30,2003-05-30,1464.310000,-0.211995,0.091815,0.062994,0.150000,2.381194,base,False,bond2x_pos
2003-05-30,2003-06-30,1595.910000,-0.054684,0.089872,0.025000,0.150000,4.500000,base,False,bond2x_pos
2003-06-30,2003-07-31,1622.800000,0.004376,0.016849,0.051635,0.150000,2.905029,base,True,ixic
2003-07-31,2003-08-29,1735.020000,0.185763,0.069152,0.036984,0.240000,4.500000,trigger,True,ixic
2003-08-29,2003-09-30,1810.450000,0.363024,0.043475,0.025000,0.240000,4.500000,trigger,True,ixic
2003-09-30,2003-10-31,1786.940000,0.359045,-0.012986,0.039924,0.150000,3.757161,base,True,ixic
2003-10-31,2003-11-28,1932.210000,0.648559,0.081295,0.066667,0.240000,3.599992,trigger,True,ixic
2003-11-28,2003-12-31,1960.260000,0.474157,0.014517,0.047219,0.240000,4.500000,trigger,True,ixic
2003-12-31,2004-01-30,2003.370000,0.354745,0.021992,0.025000,0.240000,4.500000,trigger,True,ixic
2004-01-30,2004-02-27,2066.150000,0.547087,0.031337,0.025000,0.240000,4.500000,trigger,True,ixic
2004-02-27,2004-03-31,2029.820000,0.536683,-0.017583,0.034592,0.150000,4.336249,base,True,ixic
2004-03-31,2004-04-30,1994.220000,0.490983,-0.017539,0.025000,0.150000,4.500000,base,True,ixic
2004-04-30,2004-05-28,1920.150000,0.431698,-0.037142,0.025000,0.150000,4.500000,base,True,ixic
2004-05-28,2004-06-30,1986.740000,0.356776,0.034680,0.050786,0.240000,4.500000,trigger,True,ixic
2004-06-30,2004-07-30,2047.790000,0.283149,0.030729,0.025000,0.240000,4.500000,trigger,True,ixic
2004-07-30,2004-08-31,1887.360000,0.163027,-0.078343,0.077125,0.150000,2.000000,base,True,ixic
2004-08-31,2004-09-30,1838.100000,0.059411,-0.026100,0.036941,0.150000,4.060484,base,True,ixic
2004-09-30,2004-10-29,1896.840000,0.047717,0.031957,0.041052,0.150000,3.653867,base,True,ixic
2004-10-29,2004-11-30,1974.990000,0.105236,0.041200,0.025000,0.150000,4.500000,base,True,ixic
2004-11-30,2004-12-31,2096.810000,0.085187,0.061681,0.025000,0.150000,4.500000,base,True,ixic
2004-12-31,2005-01-31,2175.440000,0.109771,0.037500,0.025000,0.150000,4.500000,base,True,ixic
2005-01-31,2005-02-28,2062.410000,0.029470,-0.051957,0.063256,0.150000,2.371326,base,True,ixic
2005-02-28,2005-03-31,2051.720000,-0.006984,-0.005183,0.033074,0.150000,4.500000,base,False,bond2x_pos
2005-03-31,2005-04-29,1999.230000,-0.015070,-0.025583,0.025000,0.150000,4.500000,base,False,bond2x_pos
2005-04-29,2005-05-31,1921.650000,-0.036390,-0.038805,0.025000,0.150000,4.500000,base,False,bond2x_pos
2005-05-31,2005-06-30,2068.220000,0.077114,0.076273,0.081372,0.150000,2.000000,base,True,ixic
2005-06-30,2005-07-29,2056.960000,0.035344,-0.005444,0.057783,0.150000,2.595926,base,True,ixic
2005-07-29,2005-08-31,2184.830000,0.066921,0.062165,0.047807,0.150000,3.137637,base,True,ixic
2005-08-31,2005-09-30,2152.090000,0.140265,-0.014985,0.054553,0.150000,2.749616,base,True,ixic
2005-09-30,2005-10-31,2151.690000,0.170606,-0.000186,0.025000,0.150000,4.500000,base,True,ixic
2005-10-31,2005-11-30,2120.300000,0.117806,-0.014589,0.025000,0.150000,4.500000,base,True,ixic
2005-11-30,2005-12-30,2232.820000,0.130547,0.053068,0.047840,0.150000,3.135427,base,True,ixic
2005-12-30,2006-01-31,2205.320000,0.051750,-0.012316,0.046234,0.150000,3.244392,base,True,ixic
2006-01-31,2006-02-28,2305.820000,0.059933,0.045572,0.040933,0.150000,3.664533,base,True,ixic
2006-02-28,2006-03-31,2281.380000,0.106172,-0.010599,0.039719,0.150000,3.776548,base,True,ixic
2006-03-31,2006-04-28,2339.790000,0.140404,0.025603,0.025599,0.150000,4.500000,base,True,ixic
2006-04-28,2006-05-31,2322.570000,0.161732,-0.007360,0.025000,0.150000,4.500000,base,True,ixic
2006-05-31,2006-06-30,2178.870000,0.133854,-0.061871,0.038545,0.150000,3.891511,base,True,ixic
2006-06-30,2006-07-31,2172.090000,0.050222,-0.003112,0.041549,0.150000,3.610180,base,True,ixic
2006-07-31,2006-08-31,2091.470000,0.016777,-0.037116,0.025000,0.150000,4.500000,base,True,ixic
2006-08-31,2006-09-29,2183.750000,-0.000494,0.044122,0.057444,0.150000,2.611229,base,False,bond2x_pos
2006-09-29,2006-10-31,2258.420000,0.049408,0.034193,0.025000,0.150000,4.500000,base,True,ixic
2006-10-31,2006-11-30,2366.710000,0.099931,0.047949,0.025000,0.150000,4.500000,base,True,ixic
2006-11-30,2006-12-29,2431.770000,0.146899,0.027490,0.025000,0.150000,4.500000,base,True,ixic
2006-12-29,2007-01-31,2415.290000,0.081722,-0.006777,0.025000,0.150000,4.500000,base,True,ixic
2007-01-31,2007-02-28,2463.920000,0.117262,0.020134,0.025000,0.150000,4.500000,base,True,ixic
2007-02-28,2007-03-30,2416.140000,0.047844,-0.019392,0.027949,0.150000,4.500000,base,True,ixic
2007-03-30,2007-04-30,2421.630000,0.061476,0.002272,0.025000,0.150000,4.500000,base,True,ixic
2007-04-30,2007-05-31,2525.090000,0.079195,0.042723,0.028603,0.150000,4.500000,base,True,ixic
2007-05-31,2007-06-29,2604.520000,0.121396,0.031456,0.025000,0.150000,4.500000,base,True,ixic
2007-06-29,2007-07-31,2603.230000,0.194762,-0.000495,0.025000,0.150000,4.500000,base,True,ixic
2007-07-31,2007-08-31,2546.270000,0.172267,-0.021881,0.025000,0.150000,4.500000,base,True,ixic
2007-08-31,2007-09-28,2596.360000,0.241404,0.019672,0.029382,0.240000,4.500000,trigger,True,ixic
2007-09-28,2007-10-31,2701.500000,0.237092,0.040495,0.025000,0.240000,4.500000,trigger,True,ixic
2007-10-31,2007-11-30,2859.120000,0.265982,0.058345,0.025000,0.240000,4.500000,trigger,True,ixic
2007-11-30,2007-12-31,2660.960000,0.124329,-0.069308,0.090265,0.150000,2.000000,base,True,ixic
2007-12-31,2008-01-31,2652.280000,0.090679,-0.003262,0.046702,0.150000,3.211880,base,True,ixic
2008-01-31,2008-02-29,2389.860000,-0.010529,-0.098941,0.067655,0.150000,2.217115,base,False,bond2x_pos
2008-02-29,2008-03-31,2271.480000,-0.078103,-0.049534,0.034936,0.150000,4.293562,base,False,bond2x_pos
2008-03-31,2008-04-30,2279.100000,-0.056719,0.003355,0.037398,0.150000,4.010897,base,False,bond2x_pos
2008-04-30,2008-05-30,2412.800000,-0.003646,0.058664,0.039109,0.150000,3.835407,base,False,bond2x_pos
2008-05-30,2008-06-30,2522.650000,-0.000966,0.045528,0.025000,0.150000,4.500000,base,False,bond2x_pos
2008-06-30,2008-07-31,2292.980000,-0.119615,-0.091043,0.096570,0.150000,2.000000,base,False,bond2x_pos
2008-07-31,2008-08-29,2325.550000,-0.106667,0.014204,0.074421,0.150000,2.015557,base,False,bond2x_pos
2008-08-29,2008-09-30,2367.520000,-0.070201,0.018047,0.025000,0.150000,4.500000,base,False,bond2x_pos
2008-09-30,2008-10-31,2082.330000,-0.197981,-0.120459,0.097939,0.150000,2.000000,base,False,bond2x_pos
2008-10-31,2008-11-28,1720.950000,-0.362965,-0.173546,0.037538,0.150000,3.995962,base,False,bond2x_pos
2008-11-28,2008-12-31,1535.570000,-0.462922,-0.107720,0.046546,0.150000,3.222598,base,False,bond2x_pos
2008-12-31,2009-01-30,1577.030000,-0.407345,0.027000,0.095261,0.150000,2.000000,base,False,cash
2009-01-30,2009-02-27,1476.420000,-0.443339,-0.063797,0.064203,0.150000,2.336336,base,False,cash
2009-02-27,2009-03-31,1377.840000,-0.423464,-0.066770,0.025000,0.150000,4.500000,base,False,cash
2009-03-31,2009-04-30,1528.590000,-0.327051,0.109410,0.124578,0.150000,2.000000,base,False,cash
2009-04-30,2009-05-29,1717.300000,-0.246501,0.123454,0.025000,0.150000,4.500000,base,False,cash
2009-05-29,2009-06-30,1774.330000,-0.264618,0.033209,0.063813,0.150000,2.350636,base,False,cash
2009-06-30,2009-07-31,1835.040000,-0.272574,0.034216,0.025000,0.150000,4.500000,base,False,cash
2009-07-31,2009-08-31,1978.500000,-0.137149,0.078178,0.031086,0.150000,4.500000,base,False,cash
2009-08-31,2009-09-30,2009.060000,-0.136093,0.015446,0.044358,0.150000,3.381555,base,False,cash
2009-09-30,2009-10-30,2122.420000,-0.103526,0.056424,0.028976,0.150000,4.500000,base,False,cash
2009-10-30,2009-11-30,2045.110000,-0.017874,-0.036425,0.065655,0.150000,2.284680,base,False,cash
2009-11-30,2009-12-31,2144.600000,0.246172,0.048648,0.060156,0.240000,3.989640,trigger,True,ixic
2009-12-31,2010-01-29,2269.150000,0.477725,0.058076,0.025000,0.240000,4.500000,trigger,True,ixic
2010-01-29,2010-02-26,2147.350000,0.361642,-0.053676,0.079021,0.150000,2.000000,base,True,ixic
2010-02-26,2010-03-31,2238.260000,0.516005,0.042336,0.067891,0.240000,3.535078,trigger,True,ixic
2010-03-31,2010-04-30,2397.960000,0.740376,0.071350,0.025000,0.240000,4.500000,trigger,True,ixic
2010-04-30,2010-05-28,2461.190000,0.610105,0.026368,0.031807,0.240000,4.500000,trigger,True,ixic
2010-05-28,2010-06-30,2257.040000,0.314296,-0.082948,0.077298,0.150000,2.000000,base,True,ixic
2010-06-30,2010-07-30,2109.240000,0.188753,-0.065484,0.025000,0.150000,4.500000,base,True,ixic
2010-07-30,2010-08-31,2254.700000,0.228693,0.068963,0.095069,0.150000,2.000000,base,True,ixic
2010-08-31,2010-09-30,2114.030000,0.068501,-0.062390,0.092881,0.150000,2.000000,base,True,ixic
2010-09-30,2010-10-29,2368.620000,0.178969,0.120429,0.129272,0.150000,2.000000,base,True,ixic
2010-10-29,2010-11-30,2507.410000,0.181392,0.058595,0.043723,0.240000,4.500000,trigger,True,ixic
2010-11-30,2010-12-31,2498.230000,0.221563,-0.003661,0.044022,0.150000,3.407391,base,True,ixic
2010-12-31,2011-01-31,2652.870000,0.237000,0.061900,0.046359,0.240000,4.500000,trigger,True,ixic
2011-01-31,2011-02-28,2700.080000,0.189908,0.017796,0.031186,0.240000,4.500000,trigger,True,ixic
2011-02-28,2011-03-31,2782.270000,0.295676,0.030440,0.025000,0.240000,4.500000,trigger,True,ixic
2011-03-31,2011-04-29,2781.070000,0.242514,-0.000431,0.025000,0.150000,4.500000,base,True,ixic
2011-04-29,2011-05-31,2873.540000,0.198327,0.033250,0.025000,0.240000,4.500000,trigger,True,ixic
2011-05-31,2011-06-30,2835.300000,0.152004,-0.013308,0.032921,0.150000,4.500000,base,True,ixic
2011-06-30,2011-07-29,2773.520000,0.228831,-0.021790,0.025000,0.150000,4.500000,base,True,ixic
2011-07-29,2011-08-31,2756.380000,0.306812,-0.006180,0.025000,0.150000,4.500000,base,True,ixic
2011-08-31,2011-09-30,2579.460000,0.144037,-0.064186,0.041016,0.150000,3.657086,base,True,ixic
2011-09-30,2011-10-31,2415.400000,0.142557,-0.063602,0.025000,0.150000,4.500000,base,True,ixic
2011-10-31,2011-11-30,2684.410000,0.133322,0.111373,0.123726,0.150000,2.000000,base,True,ixic
2011-11-30,2011-12-30,2620.340000,0.045039,-0.023867,0.095629,0.150000,2.000000,base,True,ixic
2011-12-30,2012-01-31,2605.150000,0.042798,-0.005797,0.025000,0.150000,4.500000,base,True,ixic
2012-01-31,2012-02-29,2813.840000,0.060678,0.080107,0.060743,0.150000,2.469418,base,True,ixic
2012-02-29,2012-03-30,2966.890000,0.098816,0.054392,0.025000,0.150000,4.500000,base,True,ixic
2012-03-30,2012-04-30,3091.570000,0.111168,0.042024,0.025000,0.150000,4.500000,base,True,ixic
2012-04-30,2012-05-31,3046.360000,0.095391,-0.014624,0.040056,0.150000,3.744777,base,True,ixic
2012-05-31,2012-06-29,2827.340000,-0.016078,-0.071896,0.040497,0.150000,3.703940,base,False,bond2x_pos
2012-06-29,2012-07-31,2935.050000,0.035181,0.038096,0.077776,0.150000,2.000000,base,True,ixic
2012-07-31,2012-08-31,2939.520000,0.059852,0.001523,0.025861,0.150000,4.500000,base,True,ixic
2012-08-31,2012-09-28,3066.960000,0.112677,0.043354,0.029579,0.150000,4.500000,base,True,ixic
2012-09-28,2012-10-31,3116.230000,0.208094,0.016065,0.025000,0.240000,4.500000,trigger,True,ixic
2012-10-31,2012-11-30,2977.230000,0.232603,-0.044605,0.042900,0.150000,3.496493,base,True,ixic
2012-11-30,2012-12-31,3010.240000,0.121379,0.011087,0.039381,0.150000,3.808976,base,True,ixic
2012-12-31,2013-01-31,3019.510000,0.152335,0.003079,0.025000,0.240000,4.500000,trigger,True,ixic
2013-01-31,2013-02-28,3142.130000,0.206122,0.040609,0.026538,0.240000,4.500000,trigger,True,ixic
2013-02-28,2013-03-29,3160.190000,0.123088,0.005748,0.025000,0.150000,4.500000,base,True,ixic
2013-03-29,2013-04-30,3267.520000,0.101328,0.033963,0.025000,0.150000,4.500000,base,True,ixic
2013-04-30,2013-05-31,3328.790000,0.076731,0.018751,0.025000,0.150000,4.500000,base,True,ixic
2013-05-31,2013-06-28,3455.910000,0.134439,0.038188,0.025000,0.150000,4.500000,base,True,ixic
2013-06-28,2013-07-31,3403.250000,0.203693,-0.015238,0.037778,0.150000,3.970598,base,True,ixic
2013-07-31,2013-08-30,3626.370000,0.235539,0.065561,0.057133,0.240000,4.200711,trigger,True,ixic
2013-08-30,2013-09-30,3589.870000,0.221244,-0.010065,0.053476,0.150000,2.805014,base,True,ixic
2013-09-30,2013-10-31,3771.480000,0.229713,0.050590,0.042889,0.240000,4.500000,trigger,True,ixic
2013-10-31,2013-11-29,3919.710000,0.257837,0.039303,0.025000,0.240000,4.500000,trigger,True,ixic
2013-11-29,2013-12-31,4059.890000,0.363647,0.035763,0.025000,0.240000,4.500000,trigger,True,ixic
2013-12-31,2014-01-31,4176.590000,0.387461,0.028745,0.025000,0.240000,4.500000,trigger,True,ixic
2014-01-31,2014-02-28,4103.880000,0.359121,-0.017409,0.032635,0.150000,4.500000,base,True,ixic
2014-02-28,2014-03-31,4308.120000,0.371083,0.049768,0.047501,0.240000,4.500000,trigger,True,ixic
2014-03-31,2014-04-30,4198.990000,0.328714,-0.025331,0.053103,0.150000,2.824707,base,True,ixic
2014-04-30,2014-05-30,4114.560000,0.259230,-0.020107,0.025000,0.150000,4.500000,base,True,ixic
2014-05-30,2014-06-30,4242.620000,0.274523,0.031124,0.036226,0.240000,4.500000,trigger,True,ixic
2014-06-30,2014-07-31,4408.180000,0.275548,0.039023,0.025000,0.240000,4.500000,trigger,True,ixic
2014-07-31,2014-08-29,4369.770000,0.283999,-0.008713,0.033755,0.150000,4.443821,base,True,ixic
2014-08-29,2014-09-30,4580.270000,0.263045,0.048172,0.040224,0.240000,4.500000,trigger,True,ixic
2014-09-30,2014-10-31,4493.390000,0.251686,-0.018968,0.047475,0.150000,3.159539,base,True,ixic
2014-10-31,2014-11-28,4630.740000,0.227831,0.030567,0.035027,0.240000,4.500000,trigger,True,ixic
2014-11-28,2014-12-31,4791.630000,0.222445,0.034744,0.025000,0.240000,4.500000,trigger,True,ixic
2014-12-31,2015-01-30,4736.050000,0.166546,-0.011599,0.032770,0.150000,4.500000,base,True,ixic
2015-01-30,2015-02-27,4635.240000,0.109814,-0.021286,0.025000,0.150000,4.500000,base,True,ixic
2015-02-27,2015-03-31,4963.530000,0.209472,0.070825,0.065132,0.240000,3.684828,trigger,True,ixic
2015-03-31,2015-04-30,4900.880000,0.137591,-0.012622,0.059006,0.150000,2.542121,base,True,ixic
2015-04-30,2015-05-29,4941.420000,0.176812,0.008272,0.025000,0.240000,4.500000,trigger,True,ixic
2015-05-29,2015-06-30,5071.310000,0.232528,0.026286,0.025000,0.240000,4.500000,trigger,True,ixic
2015-06-30,2015-07-31,4986.870000,0.175422,-0.016651,0.030361,0.150000,4.500000,base,True,ixic
2015-07-31,2015-08-31,5129.260000,0.163578,0.028553,0.031964,0.240000,4.500000,trigger,True,ixic
2015-08-31,2015-09-30,4776.510000,0.093080,-0.068772,0.068819,0.150000,2.179623,base,True,ixic
2015-09-30,2015-10-30,4620.160000,0.008709,-0.032733,0.025483,0.150000,4.500000,base,True,ixic
2015-10-30,2015-11-30,5053.750000,0.124708,0.093847,0.089506,0.150000,2.000000,base,True,ixic
2015-11-30,2015-12-31,5108.670000,0.103208,0.010867,0.058676,0.150000,2.556417,base,True,ixic
2015-12-31,2016-01-29,5007.410000,0.045033,-0.019821,0.025000,0.150000,4.500000,base,True,ixic
2016-01-29,2016-02-29,4613.950000,-0.025781,-0.078576,0.041546,0.150000,3.610491,base,False,bond2x_pos
2016-02-29,2016-03-31,4557.950000,-0.016674,-0.012137,0.046979,0.150000,3.192911,base,False,bond2x_pos
2016-03-31,2016-04-29,4869.850000,-0.018874,0.068430,0.056969,0.150000,2.632989,base,False,bond2x_pos
2016-04-29,2016-05-31,4775.360000,-0.025612,-0.019403,0.062107,0.150000,2.415176,base,False,bond2x_pos
2016-05-31,2016-06-30,4948.050000,0.001342,0.036163,0.039291,0.150000,3.817674,base,True,ixic
2016-06-30,2016-07-29,4842.670000,-0.045085,-0.021297,0.040630,0.150000,3.691821,base,False,bond2x_pos
2016-07-29,2016-08-31,5162.130000,0.035144,0.065968,0.061706,0.150000,2.430894,base,True,ixic
2016-08-31,2016-09-30,5213.220000,0.016369,0.009897,0.039648,0.150000,3.783298,base,True,ixic
2016-09-30,2016-10-31,5312.000000,0.112109,0.018948,0.025000,0.150000,4.500000,base,True,ixic
2016-10-31,2016-11-30,5189.130000,0.123149,-0.023131,0.029754,0.150000,4.500000,base,True,ixic
2016-11-30,2016-12-30,5323.680000,0.053412,0.025929,0.034691,0.150000,4.323944,base,True,ixic
2016-12-30,2017-01-31,5383.120000,0.053722,0.011165,0.025000,0.150000,4.500000,base,True,ixic
2017-01-31,2017-02-28,5614.790000,0.121296,0.043036,0.025000,0.150000,4.500000,base,True,ixic
2017-02-28,2017-03-31,5825.440000,0.262571,0.037517,0.025000,0.240000,4.500000,trigger,True,ixic
2017-03-31,2017-04-28,5911.740000,0.297017,0.014814,0.025000,0.240000,4.500000,trigger,True,ixic
2017-04-28,2017-05-31,6047.610000,0.241847,0.022983,0.025000,0.240000,4.500000,trigger,True,ixic
2017-05-31,2017-06-30,6198.520000,0.298022,0.024954,0.025000,0.240000,4.500000,trigger,True,ixic
2017-06-30,2017-07-31,6140.420000,0.240978,-0.009373,0.025000,0.150000,4.500000,base,True,ixic
2017-07-31,2017-08-31,6348.120000,0.310872,0.033825,0.030546,0.240000,4.500000,trigger,True,ixic
2017-08-31,2017-09-29,6428.660000,0.245350,0.012687,0.025000,0.240000,4.500000,trigger,True,ixic
2017-09-29,2017-10-31,6495.960000,0.246055,0.010469,0.025000,0.240000,4.500000,trigger,True,ixic
2017-10-31,2017-11-30,6727.670000,0.266504,0.035670,0.025000,0.240000,4.500000,trigger,True,ixic
2017-11-30,2017-12-29,6873.970000,0.324686,0.021746,0.025000,0.240000,4.500000,trigger,True,ixic
2017-12-29,2018-01-31,6903.390000,0.296733,0.004280,0.025000,0.240000,4.500000,trigger,True,ixic
2018-01-31,2018-02-28,7411.480000,0.376800,0.073600,0.049017,0.240000,4.500000,trigger,True,ixic
2018-02-28,2018-03-29,7273.010000,0.295331,-0.018683,0.065254,0.150000,2.298706,base,True,ixic
2018-03-29,2018-04-30,7063.450000,0.212518,-0.028813,0.025000,0.150000,4.500000,base,True,ixic
2018-04-30,2018-05-31,7066.270000,0.195294,0.000399,0.025000,0.240000,4.500000,trigger,True,ixic
2018-05-31,2018-06-29,7442.120000,0.230589,0.053189,0.037328,0.240000,4.500000,trigger,True,ixic
2018-06-29,2018-07-31,7510.300000,0.211628,0.009161,0.031132,0.240000,4.500000,trigger,True,ixic
2018-07-31,2018-08-31,7671.790000,0.249392,0.021502,0.025000,0.240000,4.500000,trigger,True,ixic
2018-08-31,2018-09-28,8109.540000,0.277471,0.057060,0.025143,0.240000,4.500000,trigger,True,ixic
2018-09-28,2018-10-31,8046.350000,0.251637,-0.007792,0.045857,0.150000,3.271030,base,True,ixic
2018-10-31,2018-11-30,7305.900000,0.124684,-0.092023,0.059560,0.150000,2.518455,base,False,cash
2018-11-30,2018-12-31,7330.540000,0.089611,0.003373,0.067455,0.150000,2.223706,base,False,cash
2018-12-31,2019-01-31,6635.280000,-0.034724,-0.094844,0.069450,0.150000,2.159832,base,False,bond2x_pos
2019-01-31,2019-02-28,7281.740000,0.054806,0.097428,0.135957,0.150000,2.000000,base,False,bond2x_pos
2019-02-28,2019-03-29,7532.530000,0.016333,0.034441,0.044538,0.150000,3.367884,base,True,ixic
2019-03-29,2019-04-30,7729.320000,0.062740,0.026125,0.025000,0.150000,4.500000,base,True,ixic
2019-04-30,2019-05-31,8095.390000,0.146096,0.047361,0.025000,0.150000,4.500000,base,True,ixic
2019-05-31,2019-06-28,7453.150000,0.054750,-0.079334,0.089587,0.150000,2.000000,base,True,ixic
2019-06-28,2019-07-31,8006.244000,0.075802,0.074209,0.108572,0.150000,2.000000,base,True,ixic
2019-07-31,2019-08-30,8175.420000,0.088561,0.021131,0.037532,0.150000,3.996540,base,True,ixic
2019-08-30,2019-09-30,7962.880000,0.037943,-0.025997,0.033324,0.150000,4.500000,base,True,ixic
2019-09-30,2019-10-31,7999.338000,-0.013589,0.004578,0.025000,0.150000,4.500000,base,False,bond2x_pos
2019-10-31,2019-11-29,8292.360000,0.030574,0.036631,0.025000,0.150000,4.500000,base,True,ixic
2019-11-29,2019-12-31,8665.471000,0.186092,0.044995,0.025000,0.240000,4.500000,trigger,True,ixic
2019-12-31,2020-01-31,8972.604000,0.224003,0.035443,0.025000,0.240000,4.500000,trigger,True,ixic
2020-01-31,2020-02-28,9150.936000,0.379133,0.019875,0.025000,0.240000,4.500000,trigger,True,ixic
2020-02-28,2020-03-31,8567.367000,0.176555,-0.063772,0.059147,0.150000,2.536049,base,True,ixic
2020-03-31,2020-04-30,7700.098000,0.022246,-0.101229,0.026487,0.150000,4.500000,base,False,bond2x_pos
2020-04-30,2020-05-29,8889.551000,0.150108,0.154472,0.180808,0.150000,2.000000,base,False,bond2x_pos
2020-05-29,2020-06-30,9489.872000,0.172256,0.067531,0.061477,0.240000,3.903910,trigger,True,ixic
2020-06-30,2020-07-31,10058.770000,0.349600,0.059948,0.025000,0.240000,4.500000,trigger,True,ixic
2020-07-31,2020-08-31,10745.270000,0.342111,0.068249,0.025000,0.240000,4.500000,trigger,True,ixic
2020-08-31,2020-09-30,11775.460000,0.440349,0.095874,0.025000,0.240000,4.500000,trigger,True,ixic
2020-09-30,2020-10-30,11167.510000,0.402446,-0.051629,0.104300,0.150000,2.000000,base,True,ixic
2020-10-30,2020-11-30,10911.590000,0.364062,-0.022916,0.025000,0.150000,4.500000,base,True,ixic
2020-11-30,2020-12-31,12198.740000,0.471082,0.117962,0.099616,0.150000,2.000000,base,True,ixic
2020-12-31,2021-01-29,12888.280000,0.487314,0.056526,0.043442,0.240000,4.500000,trigger,True,ixic
2021-01-29,2021-02-26,13070.690000,0.456733,0.014153,0.029962,0.240000,4.500000,trigger,True,ixic
2021-02-26,2021-03-31,13192.350000,0.441639,0.009308,0.025000,0.240000,4.500000,trigger,True,ixic
2021-03-31,2021-04-30,13246.870000,0.546201,0.004133,0.025000,0.240000,4.500000,trigger,True,ixic
2021-04-30,2021-05-28,13962.680000,0.813312,0.054036,0.035287,0.240000,4.500000,trigger,True,ixic
2021-05-28,2021-06-30,13748.740000,0.546618,-0.015322,0.049044,0.150000,3.058489,base,True,ixic
2021-06-30,2021-07-30,14503.950000,0.528361,0.054929,0.049675,0.240000,4.500000,trigger,True,ixic
2021-07-30,2021-08-31,14672.680000,0.458695,0.011633,0.030615,0.240000,4.500000,trigger,True,ixic
2021-08-31,2021-09-30,15259.240000,0.420089,0.039976,0.025000,0.240000,4.500000,trigger,True,ixic
2021-09-30,2021-10-29,14448.580000,0.227008,-0.053126,0.065833,0.150000,2.278486,base,True,ixic
2021-10-29,2021-11-30,15498.390000,0.387811,0.072658,0.088943,0.150000,2.000000,base,True,ixic
2021-11-30,2021-12-31,15537.690000,0.423962,0.002536,0.049584,0.240000,4.500000,trigger,True,ixic
2021-12-31,2022-01-31,15644.970000,0.282507,0.006905,0.025000,0.240000,4.500000,trigger,True,ixic
2022-01-31,2022-02-28,14239.880000,0.104870,-0.089811,0.068388,0.150000,2.193362,base,True,ixic
2022-02-28,2022-03-31,13751.400000,0.052079,-0.034304,0.039250,0.150000,3.821695,base,True,ixic
2022-03-31,2022-04-29,14220.520000,0.077937,0.034114,0.048379,0.150000,3.100529,base,True,ixic
2022-04-29,2022-05-31,12334.640000,-0.068864,-0.132617,0.117897,0.150000,2.000000,base,False,cash
2022-05-31,2022-06-30,12081.390000,-0.134737,-0.020532,0.079256,0.150000,2.000000,base,False,cash
2022-06-30,2022-07-29,11028.740000,-0.197836,-0.087130,0.047092,0.150000,3.185249,base,False,cash
2022-07-29,2022-08-31,12390.690000,-0.145702,0.123491,0.148931,0.150000,2.000000,base,False,cash
2022-08-31,2022-09-30,11816.200000,-0.194680,-0.046365,0.120106,0.150000,2.000000,base,False,cash
2022-09-30,2022-10-31,10575.620000,-0.306937,-0.104990,0.041454,0.150000,3.618450,base,False,cash
2022-10-31,2022-11-30,10988.150000,-0.239500,0.039008,0.101822,0.150000,2.000000,base,False,cash
2022-11-30,2022-12-30,11468.000000,-0.260052,0.043670,0.025000,0.150000,4.500000,base,False,cash
2022-12-30,2023-01-31,10466.480000,-0.326381,-0.087332,0.092632,0.150000,2.000000,base,False,cash
2023-01-31,2023-02-28,11584.550000,-0.259535,0.106824,0.137289,0.150000,2.000000,base,False,cash
2023-02-28,2023-03-31,11455.540000,-0.195531,-0.011136,0.083411,0.150000,2.000000,base,False,cash
2023-03-31,2023-04-28,12221.910000,-0.111224,0.066900,0.055180,0.150000,2.718391,base,False,cash
2023-04-28,2023-05-31,12226.580000,-0.140216,0.000382,0.047035,0.150000,3.189121,base,False,cash
2023-05-31,2023-06-30,12935.290000,0.048696,0.057965,0.040717,0.150000,3.683961,base,True,ixic
2023-06-30,2023-07-31,13787.920000,0.141253,0.065915,0.025000,0.150000,4.500000,base,True,ixic
2023-07-31,2023-08-31,14346.020000,0.300785,0.040477,0.025000,0.240000,4.500000,trigger,True,ixic
2023-08-31,2023-09-29,14034.970000,0.132703,-0.021682,0.043953,0.150000,3.412709,base,True,ixic
2023-09-29,2023-10-31,13219.320000,0.118745,-0.058116,0.025762,0.150000,4.500000,base,True,ixic
2023-10-31,2023-11-30,12851.240000,0.215176,-0.027844,0.025000,0.150000,4.500000,base,True,ixic
2023-11-30,2023-12-29,14226.220000,0.294687,0.106992,0.095344,0.150000,2.000000,base,True,ixic
2023-12-29,2024-01-31,15011.350000,0.308977,0.055189,0.036630,0.240000,4.500000,trigger,True,ixic
2024-01-31,2024-02-29,15164.010000,0.448817,0.010170,0.031833,0.240000,4.500000,trigger,True,ixic
2024-02-29,2024-03-28,16091.920000,0.389085,0.061192,0.036078,0.240000,4.500000,trigger,True,ixic
2024-03-28,2024-04-30,16379.460000,0.429829,0.017869,0.030634,0.240000,4.500000,trigger,True,ixic
2024-04-30,2024-05-31,15657.820000,0.281127,-0.044058,0.043788,0.150000,3.425561,base,True,ixic
2024-05-31,2024-06-28,16735.020000,0.368741,0.068796,0.079800,0.150000,2.000000,base,True,ixic
2024-06-28,2024-07-31,17732.600000,0.370870,0.059610,0.025000,0.240000,4.500000,trigger,True,ixic
2024-07-31,2024-08-30,17599.400000,0.276436,-0.007512,0.047462,0.150000,3.160399,base,True,ixic
2024-08-30,2024-09-30,17713.630000,0.234742,0.006491,0.025000,0.240000,4.500000,trigger,True,ixic
2024-09-30,2024-10-31,18189.170000,0.295989,0.026846,0.025000,0.240000,4.500000,trigger,True,ixic
2024-10-31,2024-11-29,18095.150000,0.368841,-0.005169,0.025000,0.150000,4.500000,base,True,ixic
2024-11-29,2024-12-31,19218.170000,0.495433,0.062062,0.047539,0.240000,4.500000,trigger,True,ixic
2024-12-31,2025-01-31,19310.790000,0.357408,0.004819,0.040477,0.240000,4.500000,trigger,True,ixic
2025-01-31,2025-02-28,19627.440000,0.307507,0.016398,0.025000,0.240000,4.500000,trigger,True,ixic
2025-02-28,2025-03-31,18847.280000,0.242896,-0.039748,0.039701,0.150000,3.778222,base,True,ixic
2025-03-31,2025-04-30,17299.290000,0.075030,-0.082133,0.029971,0.150000,4.500000,base,True,ixic
2025-04-30,2025-05-30,17446.340000,0.065135,0.008500,0.064088,0.150000,2.340543,base,True,ixic
2025-05-30,2025-06-30,19113.770000,0.220717,0.095575,0.061571,0.240000,3.897944,trigger,True,ixic
2025-06-30,2025-07-31,20369.730000,0.217192,0.065710,0.025000,0.240000,4.500000,trigger,True,ixic
2025-07-31,2025-08-29,21122.450000,0.191165,0.036953,0.025000,0.240000,4.500000,trigger,True,ixic
2025-08-29,2025-09-30,21455.550000,0.219107,0.015770,0.025000,0.240000,4.500000,trigger,True,ixic
2025-09-30,2025-10-31,22660.010000,0.279241,0.056137,0.028544,0.240000,4.500000,trigger,True,ixic
2025-10-31,2025-11-28,23724.960000,0.304345,0.046997,0.025000,0.240000,4.500000,trigger,True,ixic
2025-11-28,2025-12-29,23365.690000,0.291268,-0.015143,0.043940,0.150000,3.413775,base,True,ixic
